{"cameraMode":{"drawMode":0,"name":"Shaded","section":"Shading Mode"},"sceneLighting":false,"audioPlay":false,"sceneViewState":{"m_AlwaysRefresh":false,"showFog":true,"showSkybox":false,"showFlares":true,"showImageEffects":true,"showParticleSystems":true,"showVisualEffectGraphs":true,"m_FxEnabled":true},"in2DMode":false,"pivot":{"x":20.459999084472658,"y":6.010000228881836,"z":-3.0400002002716066},"rotation":{"x":0.657804012298584,"y":0.0011294289724901319,"z":-0.000987240462563932,"w":0.7531895637512207},"size":0.36583805084228518,"orthographic":false}