{"cameraMode":{"drawMode":0,"name":"Shaded","section":"Shading Mode"},"sceneLighting":true,"audioPlay":false,"sceneViewState":{"m_AlwaysRefresh":false,"showFog":true,"showSkybox":true,"showFlares":true,"showImageEffects":true,"showParticleSystems":true,"showVisualEffectGraphs":true,"m_FxEnabled":true},"in2DMode":false,"pivot":{"x":3.08210825920105,"y":-2.437602996826172,"z":16.359237670898439},"rotation":{"x":0.6452800631523132,"y":-0.003437722334638238,"z":0.0029037813656032087,"w":0.7639331221580505},"size":46.70363235473633,"orthographic":false}